--job_profile inserts
insert into job_profile (jp_code, jp_title, description, avg_pay) values (72, 'Internal Auditor', 'Job description:', 111883.60);
insert into job_profile (jp_code, jp_title, description, avg_pay) values (63, 'Senior Editor', 'Job description:', 122764.62);
insert into job_profile (jp_code, jp_title, description, avg_pay) values (51, 'Financial Analyst', 'Job description:', 106175.93);
insert into job_profile (jp_code, jp_title, description, avg_pay) values (96, 'Tax Accountant', 'Job description:', 115144.97);
insert into job_profile (jp_code, jp_title, description, avg_pay) values (73, 'Account Coordinator', 'Job description:',65140.53);
insert into job_profile (jp_code, jp_title, description, avg_pay) values (71, 'Research Nurse', 'Job description:', 70212.23);
insert into job_profile (jp_code, jp_title, description, avg_pay) values (84, 'Sales Associate', 'Job description:', 68741.29);
insert into job_profile (jp_code, jp_title, description, avg_pay) values (54, 'Chief Design Engineer', 'Job description:', 95495.72);
insert into job_profile (jp_code, jp_title, description, avg_pay) values (38, 'Statistician IV', 'Job description:', 61774.72);
insert into job_profile (jp_code, jp_title, description, avg_pay) values (5,  'Tax Accountant', 'Job description:', 134456.42);
insert into job_profile (jp_code, jp_title, description, avg_pay) values (67, 'Cost Accountant', 'Job description:', 123998.39);
insert into job_profile (jp_code, jp_title, description, avg_pay) values (65, 'Senior Developer', 'Job description:', 103352.54);
insert into job_profile (jp_code, jp_title, description, avg_pay) values (41, 'Nurse''', 'Job description:', 64455.19);
insert into job_profile (jp_code, jp_title, description, avg_pay) values (62, 'Structural Analysis Engineer', 'Job description:', 95689.80);
insert into job_profile (jp_code, jp_title, description, avg_pay) values (57, 'Computer Systems Analyst III', 'Job description:', 148715.26);
insert into job_profile (jp_code, jp_title, description, avg_pay) values (47, 'Staff Scientist', 'Job description:', 129989.09);
insert into job_profile (jp_code, jp_title, description, avg_pay) values (48, 'Executive Secretary', 'Job description:', 64294.70);
insert into job_profile (jp_code, jp_title, description, avg_pay) values (33, 'VP Quality Control', 'Job description:', 139430.06);
insert into job_profile (jp_code, jp_title, description, avg_pay) values (91, 'Analog Circuit Design manager', 'Job description:', 81380.74);
insert into job_profile (jp_code, jp_title, description, avg_pay) values (56, 'Senior Editor', 'Job description:', 62564.24);
insert into job_profile (jp_code, jp_title, description, avg_pay) values (32, 'Editor', 'Job description:', 72516.80);
insert into job_profile (jp_code, jp_title, description, avg_pay) values (45, 'Paralegal', 'Job description:', 116111.71);
insert into job_profile (jp_code, jp_title, description, avg_pay) values (26, 'Senior Quality Engineer', 'Job description:', 107999.22);
insert into job_profile (jp_code, jp_title, description, avg_pay) values (98, 'Systems Administrator II', 'Job description:', 115999.96);
insert into job_profile (jp_code, jp_title, description, avg_pay) values (99, 'Occupational Therapist', 'Job description:', 60614.10);
insert into job_profile (jp_code, jp_title, description, avg_pay) values (61, 'Marketing Manager', 'Job description:', 90463.17);
insert into job_profile (jp_code, jp_title, description, avg_pay) values (3,  'Speech Pathologist', 'Job description:', 99771.97);
insert into job_profile (jp_code, jp_title, description, avg_pay) values (68, 'Senior Financial Analyst', 'Job description:', 137282.95);
insert into job_profile (jp_code, jp_title, description, avg_pay) values (4,  'Legal Assistant', 'Job description:', 69803.45);
insert into job_profile (jp_code, jp_title, description, avg_pay) values (27, 'Web Designer II', 'Job description:', 101558.55);
--knowledge_skill inserts
insert into knowledge_skill (ks_code, ks_title, description, s_level) values (1, 'IT', 'Knowledge skill description:', 'medium');
insert into knowledge_skill (ks_code, ks_title, description, s_level) values (2, 'Law', 'Knowledge skill description:', 'advanced');
insert into knowledge_skill (ks_code, ks_title, description, s_level) values (3, 'Accounting', 'Knowledge skill description:', 'beginner');
insert into knowledge_skill (ks_code, ks_title, description, s_level) values (4, 'Medical', 'Knowledge skill description:', 'advanced');
insert into knowledge_skill (ks_code, ks_title, description, s_level) values (5, 'Sale', 'Knowledge skill description:', 'beginner');
insert into knowledge_skill (ks_code, ks_title, description, s_level) values (6, 'Editor', 'Knowledge skill description:', 'beginner');
insert into knowledge_skill (ks_code, ks_title, description, s_level) values (7, 'Executive', 'Knowledge skill description:', 'medium');
insert into knowledge_skill (ks_code, ks_title, description, s_level) values (8, 'Scientist', 'Knowledge skill description:', 'advanced');
insert into knowledge_skill (ks_code, ks_title, description, s_level) values (9, 'Sociologist', 'Knowledge skill description:', 'medium');
insert into knowledge_skill (ks_code, ks_title, description, s_level) values (10, 'Mathmetician', 'Knowledge skill description:', 'advanced');
--required_skill inserts
insert into required_skill (jp_code, ks_code) values (33, 6);
insert into required_skill (jp_code, ks_code) values (54, 1);
insert into required_skill (jp_code, ks_code) values (91, 6);
insert into required_skill (jp_code, ks_code) values (99, 4);
insert into required_skill (jp_code, ks_code) values (32, 5);
insert into required_skill (jp_code, ks_code) values (5, 5);
insert into required_skill (jp_code, ks_code) values (61, 3);
insert into required_skill (jp_code, ks_code) values (27, 7);
insert into required_skill (jp_code, ks_code) values (3, 6);
insert into required_skill (jp_code, ks_code) values (54, 3);
insert into required_skill (jp_code, ks_code) values (3, 5);
insert into required_skill (jp_code, ks_code) values (3, 8);
insert into required_skill (jp_code, ks_code) values (84, 7);
insert into required_skill (jp_code, ks_code) values (32, 8);
insert into required_skill (jp_code, ks_code) values (71, 7);
insert into required_skill (jp_code, ks_code) values (61, 8);
insert into required_skill (jp_code, ks_code) values (98, 10);
insert into required_skill (jp_code, ks_code) values (62, 1);
insert into required_skill (jp_code, ks_code) values (72, 10);
insert into required_skill (jp_code, ks_code) values (3, 10);
insert into required_skill (jp_code, ks_code) values (5, 10);
insert into required_skill (jp_code, ks_code) values (73, 6);
insert into required_skill (jp_code, ks_code) values (4, 6);
insert into required_skill (jp_code, ks_code) values (84, 8);
insert into required_skill (jp_code, ks_code) values (27, 8);
insert into required_skill (jp_code, ks_code) values (63, 3);
insert into required_skill (jp_code, ks_code) values (62, 7);
insert into required_skill (jp_code, ks_code) values (68, 6);
insert into required_skill (jp_code, ks_code) values (96, 8);
insert into required_skill (jp_code, ks_code) values (91, 7);
--company
insert into company (comp_id, comp_name, address, primary_sector, website) values (1, 'Bayer LLC', '52512 Red Cloud Lane', 'Industry type', 'www.website.come');
insert into company (comp_id, comp_name, address, primary_sector, website) values (2, 'Toy-Wilkinson', '9 Hollow Ridge Way', 'Industry type', 'www.website.come');
insert into company (comp_id, comp_name, address, primary_sector, website) values (3, 'Swaniawski-Marquardt', '4733 Dovetail Center', 'Industry type', 'www.website.come');
insert into company (comp_id, comp_name, address, primary_sector, website) values (4, 'Bailey and Shields', '79 Lake View Court', 'Industry type', 'www.website.come');
insert into company (comp_id, comp_name, address, primary_sector, website) values (5, 'Bogisich and Kuphal', '935 Birchwood Point', 'Industry type', 'www.website.come');
insert into company (comp_id, comp_name, address, primary_sector, website) values (6, 'Rutherford Inc', '82 Del Mar Circle', 'Industry type', 'www.website.come');
insert into company (comp_id, comp_name, address, primary_sector, website) values (7, 'Ruecker LLC', '45 Lakeland Point', 'Industry type', 'www.website.come');
insert into company (comp_id, comp_name, address, primary_sector, website) values (8, 'Schneider-Schiller', '77863 Macpherson Avenue', 'Industry type', 'www.website.come');
insert into company (comp_id, comp_name, address, primary_sector, website) values (9, 'Dooley-Rempel', '21975 Alpine Lane', 'Industry type', 'www.website.come');
insert into company (comp_id, comp_name, address, primary_sector, website) values (10, 'Schaden LLC', '924 Maryland Trail', 'Industry type', 'www.website.come');
--job
insert into Job (job_code, jp_code, comp_id, type, pay_rate, pay_type) values (692, 62, 1, ' ''Structural Analysis Engineer''', '$136693.07', 'salary');
insert into Job (job_code, jp_code, comp_id, type, pay_rate, pay_type) values (988, 47, 9, ' ''Staff Scientist''', '$140500.45', 'salary');
insert into Job (job_code, jp_code, comp_id, type, pay_rate, pay_type) values (289, 27, 1, ' ''Web Designer II''', '$119280.82', 'salary');
insert into Job (job_code, jp_code, comp_id, type, pay_rate, pay_type) values (321, 51, 9, ' ''Financial Analyst''', '$135106.98', 'salary');
insert into Job (job_code, jp_code, comp_id, type, pay_rate, pay_type) values (883, 71, 8, ' ''Research Nurse''', '$84026.89', 'salary');
insert into Job (job_code, jp_code, comp_id, type, pay_rate, pay_type) values (268, 27, 3, ' ''Web Designer II''', '$54098.71', 'salary');
insert into Job (job_code, jp_code, comp_id, type, pay_rate, pay_type) values (855, 5, 4, '  ''Tax Accountant''', '$80030.80', 'salary');
insert into Job (job_code, jp_code, comp_id, type, pay_rate, pay_type) values (653, 38, 1, ' ''Statistician IV''', '$130664.88', 'salary');
insert into Job (job_code, jp_code, comp_id, type, pay_rate, pay_type) values (491, 63, 1, ' ''Senior Editor''', '$95768.24', 'salary');
insert into Job (job_code, jp_code, comp_id, type, pay_rate, pay_type) values (900, 72, 1, ' ''Internal Auditor''', '$89401.49', 'salary');
insert into Job (job_code, jp_code, comp_id, type, pay_rate, pay_type) values (704, 33, 10, ' ''VP Quality Control''', '$73231.31', 'salary');
insert into Job (job_code, jp_code, comp_id, type, pay_rate, pay_type) values (542, 3, 6, ' ''Speech Pathologist''', '$98982.16', 'salary');
insert into Job (job_code, jp_code, comp_id, type, pay_rate, pay_type) values (339, 57, 7, ' ''Computer Systems Analyst III''', '$87703.18', 'salary');
insert into Job (job_code, jp_code, comp_id, type, pay_rate, pay_type) values (331, 61, 5, ' ''Marketing Manager''', '$146778.17', 'salary');
insert into Job (job_code, jp_code, comp_id, type, pay_rate, pay_type) values (649, 3, 3, ' ''Speech Pathologist''', '$79751.56', 'salary');
insert into Job (job_code, jp_code, comp_id, type, pay_rate, pay_type) values (863, 33, 3, ' ''VP Quality Control''', '$128996.74', 'salary');
insert into Job (job_code, jp_code, comp_id, type, pay_rate, pay_type) values (138, 48, 9, ' ''Executive Secretary''', '$67060.86', 'salary');
insert into Job (job_code, jp_code, comp_id, type, pay_rate, pay_type) values (927, 3, 8, ' ''Speech Pathologist''', '$91365.75', 'salary');
insert into Job (job_code, jp_code, comp_id, type, pay_rate, pay_type) values (909, 54, 4, ' ''Chief Design Engineer''', '$144712.10', 'salary');
insert into Job (job_code, jp_code, comp_id, type, pay_rate, pay_type) values (260, 91, 5, ' ''Analog Circuit Design manager''', '$83638.81', 'salary');
insert into Job (job_code, jp_code, comp_id, type, pay_rate, pay_type) values (935, 65, 1, ' ''Senior Developer''', '$119281.88', 'salary');
insert into Job (job_code, jp_code, comp_id, type, pay_rate, pay_type) values (735, 65, 8, ' ''Senior Developer''', '$116688.73', 'salary');
insert into Job (job_code, jp_code, comp_id, type, pay_rate, pay_type) values (257, 84, 4, ' ''Sales Associate''', '$79118.84', 'salary');
insert into Job (job_code, jp_code, comp_id, type, pay_rate, pay_type) values (403, 47, 1, ' ''Staff Scientist''', '$84351.59', 'salary');
insert into Job (job_code, jp_code, comp_id, type, pay_rate, pay_type) values (513, 96, 7, ' ''Tax Accountant''', '$93614.04', 'salary');
insert into Job (job_code, jp_code, comp_id, type, pay_rate, pay_type) values (864, 91, 1, ' ''Analog Circuit Design manager''', '$128202.49', 'salary');
insert into Job (job_code, jp_code, comp_id, type, pay_rate, pay_type) values (381, 62, 9, ' ''Structural Analysis Engineer''', '$83314.28', 'salary');
insert into Job (job_code, jp_code, comp_id, type, pay_rate, pay_type) values (386, 32, 7, ' ''Editor''', '$80226.12', 'salary');
insert into Job (job_code, jp_code, comp_id, type, pay_rate, pay_type) values (687, 62, 5, ' ''Structural Analysis Engineer''', '$69451.86', 'salary');
insert into Job (job_code, jp_code, comp_id, type, pay_rate, pay_type) values (748, 33, 8, ' ''VP Quality Control''', '$143282.05', 'salary');
--person
insert into person (per_id, job_code, person_name, address, phone_num, email, gender) values (1, 855, 'Mary Mills', '523 Fremont Place', '62-(824)697-2977', 'mmills0@yandex.ru', 'Female');
insert into person (per_id, job_code, person_name, address, phone_num, email, gender) values (2, 735, 'Justin Ryan', '061 Nelson Road', '62-(684)953-6514', 'jryan1@samsung.com', 'Male');
insert into person (per_id, job_code, person_name, address, phone_num, email, gender) values (3, 257, 'Michael Fisher', '6325 Havey Road', '55-(420)700-6395', 'mfisher2@techcrunch.com', 'Male');
insert into person (per_id, job_code, person_name, address, phone_num, email, gender) values (4, 403, 'Julia Romero', '4 Golf View Place', '86-(258)135-8369', 'jromero3@hao123.com', 'Female');
insert into person (per_id, job_code, person_name, address, phone_num, email, gender) values (5, 513, 'Martin Ross', '859 Southridge Road', '504-(705)477-5676', 'mross4@eepurl.com', 'Male');
insert into person (per_id, job_code, person_name, address, phone_num, email, gender) values (6, 403, 'Gerald Hall', '1 Manley Alley', '86-(941)467-8953', 'ghall5@foxnews.com', 'Male');
insert into person (per_id, job_code, person_name, address, phone_num, email, gender) values (7, 403, 'Roger Elliott', '2 Schurz Trail', '54-(417)570-7461', 'relliott6@reference.com', 'Male');
insert into person (per_id, job_code, person_name, address, phone_num, email, gender) values (8, 687, 'Carol Morrison', '86475 Melody Hill', '1-(281)995-0144', 'cmorrison7@oakley.com', 'Female');
insert into person (per_id, job_code, person_name, address, phone_num, email, gender) values (9, 988, 'Andrew Turner', '2288 Merchant Court', '383-(937)951-5382', 'aturner8@amazon.co.uk', 'Male');
insert into person (per_id, job_code, person_name, address, phone_num, email, gender) values (10, 692, 'Jason Little', '4 Sheridan Way', '670-(472)889-7477', 'jlittle9@cocolog-nifty.com', 'Male');
insert into person (per_id, job_code, person_name, address, phone_num, email, gender) values (11, 927, 'Wayne Coleman', '37695 Center Pass', '7-(584)322-3490', 'wcolemana@wp.com', 'Male');
insert into person (per_id, job_code, person_name, address, phone_num, email, gender) values (12, 257, 'Carl Crawford', '42 Ruskin Park', '86-(780)355-8657', 'ccrawfordb@linkedin.com', 'Male');
insert into person (per_id, job_code, person_name, address, phone_num, email, gender) values (13, 513, 'Craig Hall', '81 Westerfield Pass', '64-(878)699-1993', 'challc@fastcompany.com', 'Male');
insert into person (per_id, job_code, person_name, address, phone_num, email, gender) values (14, 491, 'John Ramos', '5686 Loeprich Street', '86-(937)265-2469', 'jramosd@odnoklassniki.ru', 'Male');
insert into person (per_id, job_code, person_name, address, phone_num, email, gender) values (15, 321, 'Jason Stevens', '46755 Esch Terrace', '62-(637)726-7076', 'jstevense@jiathis.com', 'Male');
insert into person (per_id, job_code, person_name, address, phone_num, email, gender) values (16, 381, 'Nicole Miller', '3 Melody Hill', '380-(217)203-1922', 'nmillerf@auda.org.au', 'Female');
insert into person (per_id, job_code, person_name, address, phone_num, email, gender) values (17, 863, 'Nicole Berry', '90 Old Gate Plaza', '63-(244)731-8963', 'nberryg@jigsy.com', 'Female');
insert into person (per_id, job_code, person_name, address, phone_num, email, gender) values (18, 704, 'Paul Cox', '0403 Novick Court', '351-(525)203-6026', 'pcoxh@goo.ne.jp', 'Male');
insert into person (per_id, job_code, person_name, address, phone_num, email, gender) values (19, 381, 'Steven Mitchell', '10 Scoville Street', '86-(395)182-1749', 'smitchelli@prnewswire.com', 'Male');
insert into person (per_id, job_code, person_name, address, phone_num, email, gender) values (20, 268, 'Eric Andrews', '18424 Rowland Trail', '86-(282)647-6173', 'eandrewsj@feedburner.com', 'Male');
insert into person (per_id, job_code, person_name, address, phone_num, email, gender) values (21, 321, 'Frances Welch', '78638 Sutteridge Point', '256-(571)289-1271', 'fwelchk@indiegogo.com', 'Female');
insert into person (per_id, job_code, person_name, address, phone_num, email, gender) values (22, 748, 'Tina Cruz', '611 Orin Place', '55-(132)737-4346', 'tcruzl@ezinearticles.com', 'Female');
insert into person (per_id, job_code, person_name, address, phone_num, email, gender) values (23, 687, 'Marilyn Martin', '5747 Hansons Alley', '86-(242)700-2989', 'mmartinm@msn.com', 'Female');
insert into person (per_id, job_code, person_name, address, phone_num, email, gender) values (24, 735, 'Jacqueline Romero', '360 Northport Alley', '63-(830)408-1158', 'jromeron@omniture.com', 'Female');
insert into person (per_id, job_code, person_name, address, phone_num, email, gender) values (25, 735, 'Betty Bailey', '7 Moland Center', '62-(183)317-1424', 'bbaileyo@census.gov', 'Female');
insert into person (per_id, job_code, person_name, address, phone_num, email, gender) values (26, 864, 'Ruth Owens', '45286 Milwaukee Hill', '62-(631)442-2374', 'rowensp@businessinsider.com', 'Female');
insert into person (per_id, job_code, person_name, address, phone_num, email, gender) values (27, 988, 'Susan Matthews', '470 Melody Drive', '63-(475)450-2597', 'smatthewsq@ovh.net', 'Female');
insert into person (per_id, job_code, person_name, address, phone_num, email, gender) values (28, 339, 'Peter Clark', '1318 Londonderry Place', '48-(251)207-9162', 'pclarkr@surveymonkey.com', 'Male');
insert into person (per_id, job_code, person_name, address, phone_num, email, gender) values (29, 138, 'Timothy Parker', '5489 Blue Bill Park Point', '66-(479)550-6922', 'tparkers@lulu.com', 'Male');
insert into person (per_id, job_code, person_name, address, phone_num, email, gender) values (30, 883, 'Helen Castillo', '6 Summer Ridge Drive', '994-(888)327-6841', 'hcastillot@nifty.com', 'Female');
insert into person (per_id, job_code, person_name, address, phone_num, email, gender) values (31, 687, 'Kathryn Murphy', '00508 Oriole Junction', '45-(867)411-2710', 'kmurphyu@google.com.br', 'Female');
insert into person (per_id, job_code, person_name, address, phone_num, email, gender) values (32, 331, 'Billy Sullivan', '723 Riverside Junction', '86-(310)163-2586', 'bsullivanv@simplemachines.org', 'Male');
insert into person (per_id, job_code, person_name, address, phone_num, email, gender) values (33, 138, 'Helen Walker', '39 Killdeer Hill', '686-(278)798-3772', 'hwalkerw@engadget.com', 'Female');
insert into person (per_id, job_code, person_name, address, phone_num, email, gender) values (34, 687, 'Jeremy Wright', '3 Farragut Pass', '86-(387)538-9463', 'jwrightx@constantcontact.com', 'Male');
insert into person (per_id, job_code, person_name, address, phone_num, email, gender) values (35, 542, 'Cynthia Gordon', '86 Bartelt Court', '389-(433)505-7780', 'cgordony@xing.com', 'Female');
insert into person (per_id, job_code, person_name, address, phone_num, email, gender) values (36, 513, 'Wayne Chavez', '75 Westridge Hill', '241-(504)549-1714', 'wchavezz@foxnews.com', 'Male');
insert into person (per_id, job_code, person_name, address, phone_num, email, gender) values (37, 331, 'Juan Ray', '432 Toban Place', '84-(849)532-6554', 'jray10@theatlantic.com', 'Male');
insert into person (per_id, job_code, person_name, address, phone_num, email, gender) values (38, 649, 'Betty Nguyen', '301 Golf View Crossing', '86-(521)747-2808', 'bnguyen11@netvibes.com', 'Female');
insert into person (per_id, job_code, person_name, address, phone_num, email, gender) values (39, 748, 'Christina Pierce', '88775 Johnson Crossing', '86-(868)966-9264', 'cpierce12@baidu.com', 'Female');
insert into person (per_id, job_code, person_name, address, phone_num, email, gender) values (40, 900, 'Donald Baker', '7068 Tennessee Parkway', '1-(723)407-1407', 'dbaker13@miibeian.gov.cn', 'Male');
--works
insert into works (per_id, job_code, start_date, end_date) values (33, 748, TO_DATE('2016-05-27','YYYY-MM-DD'), TO_DATE('2016-02-13','YYYY-MM-DD'));
insert into works (per_id, job_code, start_date, end_date) values (28, 386, TO_DATE('2016-05-06','YYYY-MM-DD'), TO_DATE('2016-08-14','YYYY-MM-DD'));
insert into works (per_id, job_code, start_date, end_date) values (2, 513, TO_DATE('2015-11-24','YYYY-MM-DD'), TO_DATE('2016-09-24','YYYY-MM-DD'));
insert into works (per_id, job_code, start_date, end_date) values (3, 321, TO_DATE('2016-10-28','YYYY-MM-DD'), TO_DATE('2016-01-20','YYYY-MM-DD'));
insert into works (per_id, job_code, start_date, end_date) values (21, 513, TO_DATE('2016-07-02','YYYY-MM-DD'), TO_DATE('2016-08-08','YYYY-MM-DD'));
insert into works (per_id, job_code, start_date, end_date) values (15, 748, TO_DATE('2016-07-08','YYYY-MM-DD'), TO_DATE('2016-04-27','YYYY-MM-DD'));
insert into works (per_id, job_code, start_date, end_date) values (11, 321, TO_DATE('2016-09-11','YYYY-MM-DD'), TO_DATE('2015-12-25','YYYY-MM-DD'));
insert into works (per_id, job_code, start_date, end_date) values (1, 909, TO_DATE('2016-02-26','YYYY-MM-DD'), TO_DATE('2016-07-19','YYYY-MM-DD'));
insert into works (per_id, job_code, start_date, end_date) values (17, 138, TO_DATE('2015-12-24','YYYY-MM-DD'), TO_DATE('2016-07-14','YYYY-MM-DD'));
insert into works (per_id, job_code, start_date, end_date) values (25, 687, TO_DATE('2016-05-06','YYYY-MM-DD'), TO_DATE('2015-11-25','YYYY-MM-DD'));
insert into works (per_id, job_code, start_date, end_date) values (16, 687, TO_DATE('2016-09-29','YYYY-MM-DD'), TO_DATE('2016-04-03','YYYY-MM-DD'));
insert into works (per_id, job_code, start_date, end_date) values (32, 883, TO_DATE('2016-09-01','YYYY-MM-DD'), TO_DATE('2016-03-22','YYYY-MM-DD'));
insert into works (per_id, job_code, start_date, end_date) values (29, 386, TO_DATE('2016-01-06','YYYY-MM-DD'), TO_DATE('2015-12-15','YYYY-MM-DD'));
insert into works (per_id, job_code, start_date, end_date) values (25, 321, TO_DATE('2016-08-22','YYYY-MM-DD'), TO_DATE('2016-04-04','YYYY-MM-DD'));
insert into works (per_id, job_code, start_date, end_date) values (9, 138, TO_DATE('2016-07-11','YYYY-MM-DD'), TO_DATE('2016-06-14','YYYY-MM-DD'));
insert into works (per_id, job_code, start_date, end_date) values (17, 268, TO_DATE('2016-02-01','YYYY-MM-DD'), TO_DATE('2015-11-07','YYYY-MM-DD'));
insert into works (per_id, job_code, start_date, end_date) values (9, 935, TO_DATE('2015-12-29','YYYY-MM-DD'), TO_DATE('2016-03-21','YYYY-MM-DD'));
insert into works (per_id, job_code, start_date, end_date) values (7, 927, TO_DATE('2016-10-17','YYYY-MM-DD'), TO_DATE('2016-08-22','YYYY-MM-DD'));
insert into works (per_id, job_code, start_date, end_date) values (2, 321, TO_DATE('2016-11-02','YYYY-MM-DD'), TO_DATE('2016-01-25','YYYY-MM-DD'));
insert into works (per_id, job_code, start_date, end_date) values (20, 542, TO_DATE('2016-01-08','YYYY-MM-DD'), TO_DATE('2016-08-07','YYYY-MM-DD'));
insert into works (per_id, job_code, start_date, end_date) values (1, 864, TO_DATE('2016-06-21','YYYY-MM-DD'), TO_DATE('2016-01-22','YYYY-MM-DD'));
insert into works (per_id, job_code, start_date, end_date) values (34, 909, TO_DATE('2016-10-05','YYYY-MM-DD'), TO_DATE('2016-05-30','YYYY-MM-DD'));
insert into works (per_id, job_code, start_date, end_date) values (23, 289, TO_DATE('2016-08-28','YYYY-MM-DD'), TO_DATE('2016-06-08','YYYY-MM-DD'));
insert into works (per_id, job_code, start_date, end_date) values (1, 289, TO_DATE('2015-12-19','YYYY-MM-DD'), TO_DATE('2016-04-24','YYYY-MM-DD'));
insert into works (per_id, job_code, start_date, end_date) values (15, 331, TO_DATE('2016-06-13','YYYY-MM-DD'), TO_DATE('2016-08-31','YYYY-MM-DD'));
insert into works (per_id, job_code, start_date, end_date) values (14, 513, TO_DATE('2015-12-20','YYYY-MM-DD'), TO_DATE('2016-07-14','YYYY-MM-DD'));
insert into works (per_id, job_code, start_date, end_date) values (10, 692, TO_DATE('2016-10-02','YYYY-MM-DD'), TO_DATE('2016-06-24','YYYY-MM-DD'));
insert into works (per_id, job_code, start_date, end_date) values (38, 855, TO_DATE('2015-12-07','YYYY-MM-DD'), TO_DATE('2015-12-24','YYYY-MM-DD'));
insert into works (per_id, job_code, start_date, end_date) values (24, 403, TO_DATE('2015-12-05','YYYY-MM-DD'), TO_DATE('2016-03-15','YYYY-MM-DD'));
insert into works (per_id, job_code, start_date, end_date) values (27, 513, TO_DATE('2015-12-15','YYYY-MM-DD'), TO_DATE('2016-09-07','YYYY-MM-DD'));
--specialty
insert into specialty (spec_id, spec_title) values (1, 'Insert some relevant specialty');
insert into specialty (spec_id, spec_title) values (2, 'Insert some relevant specialty');
insert into specialty (spec_id, spec_title) values (3, 'Insert some relevant specialty');
insert into specialty (spec_id, spec_title) values (4, 'Insert some relevant specialty');
insert into specialty (spec_id, spec_title) values (5, 'Insert some relevant specialty');
insert into specialty (spec_id, spec_title) values (6, 'Insert some relevant specialty');
insert into specialty (spec_id, spec_title) values (7, 'Insert some relevant specialty');
insert into specialty (spec_id, spec_title) values (8, 'Insert some relevant specialty');
insert into specialty (spec_id, spec_title) values (9, 'Insert some relevant specialty');
insert into specialty (spec_id, spec_title) values (10, 'Insert some relevant specialty');
--company_specialty
insert into company_specialty (comp_id, spec_id) values (1, 7);
insert into company_specialty (comp_id, spec_id) values (2, 2);
insert into company_specialty (comp_id, spec_id) values (3, 7);
insert into company_specialty (comp_id, spec_id) values (4, 10);
insert into company_specialty (comp_id, spec_id) values (5, 5);
insert into company_specialty (comp_id, spec_id) values (6, 5);
insert into company_specialty (comp_id, spec_id) values (7, 8);
insert into company_specialty (comp_id, spec_id) values (8, 4);
insert into company_specialty (comp_id, spec_id) values (9, 1);
insert into company_specialty (comp_id, spec_id) values (10, 7);
--course
insert into course (c_code, c_title, c_level, description, status, retail_price) values (1, 'Enter relevant class title', 'medium', 'description:', 'expired', 1993.00);
insert into course (c_code, c_title, c_level, description, status, retail_price) values (2, 'Enter relevant class title', 'medium', 'description:', 'expired',950.58);
insert into course (c_code, c_title, c_level, description, status, retail_price) values (3, 'Enter relevant class title', 'beginner', 'description:', 'active', 1185.50);
insert into course (c_code, c_title, c_level, description, status, retail_price) values (4, 'Enter relevant class title', 'medium', 'description:', 'expired', 1785.99);
insert into course (c_code, c_title, c_level, description, status, retail_price) values (5, 'Enter relevant class title', 'advanced', 'description:', 'expired', 1852.06);
insert into course (c_code, c_title, c_level, description, status, retail_price) values (6, 'Enter relevant class title', 'medium', 'description:', 'expired', 1530.01);
insert into course (c_code, c_title, c_level, description, status, retail_price) values (7, 'Enter relevant class title', 'advanced', 'description:', 'expired', 1212.82);
insert into course (c_code, c_title, c_level, description, status, retail_price) values (8, 'Enter relevant class title', 'beginner', 'description:', 'active', 1373.89);
insert into course (c_code, c_title, c_level, description, status, retail_price) values (9, 'Enter relevant class title', 'beginner', 'description:', 'expired', 1355.67);
insert into course (c_code, c_title, c_level, description, status, retail_price) values (10, 'Enter relevant class title', 'medium', 'description:', 'expired', 1834.04);
insert into course (c_code, c_title, c_level, description, status, retail_price) values (11, 'Enter relevant class title', 'medium', 'description:', 'active', 1461.74);
insert into course (c_code, c_title, c_level, description, status, retail_price) values (12, 'Enter relevant class title', 'beginner', 'description:', 'active', 1179.23);
insert into course (c_code, c_title, c_level, description, status, retail_price) values (13, 'Enter relevant class title', 'beginner', 'description:', 'expired', 1533.69);
insert into course (c_code, c_title, c_level, description, status, retail_price) values (14, 'Enter relevant class title', 'medium', 'description:', 'expired',533.81);
insert into course (c_code, c_title, c_level, description, status, retail_price) values (15, 'Enter relevant class title', 'medium', 'description:', 'active',618.64);
insert into course (c_code, c_title, c_level, description, status, retail_price) values (16, 'Enter relevant class title', 'medium', 'description:', 'expired', 1471.51);
insert into course (c_code, c_title, c_level, description, status, retail_price) values (17, 'Enter relevant class title', 'beginner', 'description:', 'expired',576.03);
insert into course (c_code, c_title, c_level, description, status, retail_price) values (18, 'Enter relevant class title', 'beginner', 'description:', 'expired', 1670.17);
insert into course (c_code, c_title, c_level, description, status, retail_price) values (19, 'Enter relevant class title', 'beginner', 'description:', 'active', 1538.16);
insert into course (c_code, c_title, c_level, description, status, retail_price) values (20, 'Enter relevant class title', 'advanced', 'description:', 'expired', 1449.24);
--section
insert into section (sec_no, c_code, complete_date, sec_year, offered_by, sec_format, price) values (1, 9, TO_DATE('2016-12-09','YYYY-MM-DD'), 2016, 'Guru Nanak Dev University', 'online-sync',1355.67);
insert into section (sec_no, c_code, complete_date, sec_year, offered_by, sec_format, price) values (2, 10, TO_DATE('2016-12-09','YYYY-MM-DD'), 2016, 'University of Udine', 'online-sync',1834.04);
insert into section (sec_no, c_code, complete_date, sec_year, offered_by, sec_format, price) values (3, 15, TO_DATE('2016-12-09','YYYY-MM-DD'), 2016, 'Rajamangala University of Technology, Lanna Nan', 'online-sync',618.64);
insert into section (sec_no, c_code, complete_date, sec_year, offered_by, sec_format, price) values (4, 14, TO_DATE('2016-12-09','YYYY-MM-DD'), 2016, 'Chinese University of Hong Kong', 'or correspondence',533.81);
insert into section (sec_no, c_code, complete_date, sec_year, offered_by, sec_format, price) values (5, 11, TO_DATE('2016-12-09','YYYY-MM-DD'), 2016, 'University of Connecticut at Hartford', 'online-selfpaced',1461.74);
insert into section (sec_no, c_code, complete_date, sec_year, offered_by, sec_format, price) values (6, 13, TO_DATE('2016-12-09','YYYY-MM-DD'), 2016, 'Bharathidasan University', 'online-selfpaced', 1533.69);
insert into section (sec_no, c_code, complete_date, sec_year, offered_by, sec_format, price) values (7, 5, TO_DATE('2016-12-09','YYYY-MM-DD'), 2016, 'Westminster College New Wilmington', 'classroom', 1852.06);
insert into section (sec_no, c_code, complete_date, sec_year, offered_by, sec_format, price) values (8, 15, TO_DATE('2016-12-09','YYYY-MM-DD'), 2016, 'University of California, San Diego', 'online-sync', 618.64);
insert into section (sec_no, c_code, complete_date, sec_year, offered_by, sec_format, price) values (9, 12, TO_DATE('2016-12-09','YYYY-MM-DD'), 2016, 'National Taiwan Ocean University', 'online-sync', 1179.23);
insert into section (sec_no, c_code, complete_date, sec_year, offered_by, sec_format, price) values (10, 7, TO_DATE('2016-12-09','YYYY-MM-DD'), 2016, 'Universidad Técnica de Cotopaxi', 'online-selfpaced', 1212.82);
--knows
insert into knows (per_id, ks_code) values (24, 2);
insert into knows (per_id, ks_code) values (25, 10);
insert into knows (per_id, ks_code) values (33, 8);
insert into knows (per_id, ks_code) values (20, 1);
insert into knows (per_id, ks_code) values (32, 7);
insert into knows (per_id, ks_code) values (17, 9);
insert into knows (per_id, ks_code) values (29, 3);
insert into knows (per_id, ks_code) values (11, 3);
insert into knows (per_id, ks_code) values (5, 10);
insert into knows (per_id, ks_code) values (10, 7);
insert into knows (per_id, ks_code) values (19, 2);
insert into knows (per_id, ks_code) values (17, 8);
insert into knows (per_id, ks_code) values (15, 2);
insert into knows (per_id, ks_code) values (17, 5);
insert into knows (per_id, ks_code) values (5, 4);
insert into knows (per_id, ks_code) values (9, 9);
insert into knows (per_id, ks_code) values (20, 8);
insert into knows (per_id, ks_code) values (29, 7);
insert into knows (per_id, ks_code) values (14, 4);
insert into knows (per_id, ks_code) values (2, 2);
insert into knows (per_id, ks_code) values (38, 6);
insert into knows (per_id, ks_code) values (39, 8);
insert into knows (per_id, ks_code) values (13, 9);
insert into knows (per_id, ks_code) values (14, 9);
insert into knows (per_id, ks_code) values (7, 8);
insert into knows (per_id, ks_code) values (12, 8);
insert into knows (per_id, ks_code) values (8, 8);
insert into knows (per_id, ks_code) values (31, 5);
insert into knows (per_id, ks_code) values (6, 10);
insert into knows (per_id, ks_code) values (4, 4);
--teaches
insert into teaches (c_code, ks_code) values (12, 3);
insert into teaches (c_code, ks_code) values (14, 4);
insert into teaches (c_code, ks_code) values (12, 6);
insert into teaches (c_code, ks_code) values (19, 8);
insert into teaches (c_code, ks_code) values (5, 4);
insert into teaches (c_code, ks_code) values (7, 5);
insert into teaches (c_code, ks_code) values (14, 10);
insert into teaches (c_code, ks_code) values (8, 3);
insert into teaches (c_code, ks_code) values (15, 8);
insert into teaches (c_code, ks_code) values (16, 7);
insert into teaches (c_code, ks_code) values (14, 5);
insert into teaches (c_code, ks_code) values (5, 8);
insert into teaches (c_code, ks_code) values (17, 1);
insert into teaches (c_code, ks_code) values (8, 2);
insert into teaches (c_code, ks_code) values (4, 1);
insert into teaches (c_code, ks_code) values (8, 10);
insert into teaches (c_code, ks_code) values (4, 5);
insert into teaches (c_code, ks_code) values (7, 6);
insert into teaches (c_code, ks_code) values (3, 3);
insert into teaches (c_code, ks_code) values (12, 1);




