--job_profile inserts
insert into job_profile (jp_code, title, description, avg_pay) values (72, ' ''Internal Auditor''', 'Job description:', '$111883.60');
insert into job_profile (jp_code, title, description, avg_pay) values (63, ' ''Senior Editor''', 'Job description:', '$122764.62');
insert into job_profile (jp_code, title, description, avg_pay) values (51, ' ''Financial Analyst''', 'Job description:', '$106175.93');
insert into job_profile (jp_code, title, description, avg_pay) values (96, ' ''Tax Accountant''', 'Job description:', '$115144.97');
insert into job_profile (jp_code, title, description, avg_pay) values (73, ' ''Account Coordinator''', 'Job description:', '$65140.53');
insert into job_profile (jp_code, title, description, avg_pay) values (71, ' ''Research Nurse''', 'Job description:', '$70212.23');
insert into job_profile (jp_code, title, description, avg_pay) values (84, ' ''Sales Associate''', 'Job description:', '$68741.29');
insert into job_profile (jp_code, title, description, avg_pay) values (54, ' ''Chief Design Engineer''', 'Job description:', '$95495.72');
insert into job_profile (jp_code, title, description, avg_pay) values (38, ' ''Statistician IV''', 'Job description:', '$61774.72');
insert into job_profile (jp_code, title, description, avg_pay) values (5, ' ''Tax Accountant''', 'Job description:', '$134456.42');
insert into job_profile (jp_code, title, description, avg_pay) values (67, ' ''Cost Accountant''', 'Job description:', '$123998.39');
insert into job_profile (jp_code, title, description, avg_pay) values (65, ' ''Senior Developer''', 'Job description:', '$103352.54');
insert into job_profile (jp_code, title, description, avg_pay) values (41, ' ''Nurse''', 'Job description:', '$64455.19');
insert into job_profile (jp_code, title, description, avg_pay) values (62, ' ''Structural Analysis Engineer''', 'Job description:', '$95689.80');
insert into job_profile (jp_code, title, description, avg_pay) values (57, ' ''Computer Systems Analyst III''', 'Job description:', '$148715.26');
insert into job_profile (jp_code, title, description, avg_pay) values (47, ' ''Staff Scientist''', 'Job description:', '$129989.09');
insert into job_profile (jp_code, title, description, avg_pay) values (48, ' ''Executive Secretary''', 'Job description:', '$64294.70');
insert into job_profile (jp_code, title, description, avg_pay) values (33, ' ''VP Quality Control''', 'Job description:', '$139430.06');
insert into job_profile (jp_code, title, description, avg_pay) values (91, ' ''Analog Circuit Design manager''', 'Job description:', '$81380.74');
insert into job_profile (jp_code, title, description, avg_pay) values (56, ' ''Senior Editor''', 'Job description:', '$62564.24');
insert into job_profile (jp_code, title, description, avg_pay) values (32, ' ''Editor''', 'Job description:', '$72516.80');
insert into job_profile (jp_code, title, description, avg_pay) values (45, ' ''Paralegal''', 'Job description:', '$116111.71');
insert into job_profile (jp_code, title, description, avg_pay) values (26, ' ''Senior Quality Engineer''', 'Job description:', '$107999.22');
insert into job_profile (jp_code, title, description, avg_pay) values (98, ' ''Systems Administrator II''', 'Job description:', '$115999.96');
insert into job_profile (jp_code, title, description, avg_pay) values (99, ' ''Occupational Therapist''', 'Job description:', '$60614.10');
insert into job_profile (jp_code, title, description, avg_pay) values (61, ' ''Marketing Manager''', 'Job description:', '$90463.17');
insert into job_profile (jp_code, title, description, avg_pay) values (3, ' ''Speech Pathologist''', 'Job description:', '$99771.97');
insert into job_profile (jp_code, title, description, avg_pay) values (68, ' ''Senior Financial Analyst''', 'Job description:', '$137282.95');
insert into job_profile (jp_code, title, description, avg_pay) values (4, ' ''Legal Assistant''', 'Job description:', '$69803.45');
insert into job_profile (jp_code, title, description, avg_pay) values (27, ' ''Web Designer II''', 'Job description:', '$101558.55');
--knowledge_skill inserts
insert into knowledge_skill (ks_code, title, description, s_level) values (1, 'IT', 'Knowledge skill description:', 'medium');
insert into knowledge_skill (ks_code, title, description, s_level) values (2, 'Law', 'Knowledge skill description:', 'advanced');
insert into knowledge_skill (ks_code, title, description, s_level) values (3, 'Accounting', 'Knowledge skill description:', 'beginner');
insert into knowledge_skill (ks_code, title, description, s_level) values (4, 'Medical', 'Knowledge skill description:', 'advanced');
insert into knowledge_skill (ks_code, title, description, s_level) values (5, 'Sale', 'Knowledge skill description:', 'beginner');
insert into knowledge_skill (ks_code, title, description, s_level) values (6, 'Editor', 'Knowledge skill description:', 'beginner');
insert into knowledge_skill (ks_code, title, description, s_level) values (7, 'Executive', 'Knowledge skill description:', 'medium');
insert into knowledge_skill (ks_code, title, description, s_level) values (8, 'Scientist', 'Knowledge skill description:', 'advanced');
insert into knowledge_skill (ks_code, title, description, s_level) values (9, 'Sociologist', 'Knowledge skill description:', 'medium');
insert into knowledge_skill (ks_code, title, description, s_level) values (10, 'Mathmetician', 'Knowledge skill description:', 'advanced');
--required_skill inserts
insert into required_skill (jp_code, ks_code) values (33, 6);
insert into required_skill (jp_code, ks_code) values (54, 1);
insert into required_skill (jp_code, ks_code) values (91, 6);
insert into required_skill (jp_code, ks_code) values (99, 4);
insert into required_skill (jp_code, ks_code) values (32, 5);
insert into required_skill (jp_code, ks_code) values (5, 5);
insert into required_skill (jp_code, ks_code) values (61, 3);
insert into required_skill (jp_code, ks_code) values (27, 7);
insert into required_skill (jp_code, ks_code) values (3, 6);
insert into required_skill (jp_code, ks_code) values (54, 3);
insert into required_skill (jp_code, ks_code) values (3, 5);
insert into required_skill (jp_code, ks_code) values (3, 8);
insert into required_skill (jp_code, ks_code) values (84, 7);
insert into required_skill (jp_code, ks_code) values (32, 8);
insert into required_skill (jp_code, ks_code) values (71, 7);
insert into required_skill (jp_code, ks_code) values (61, 8);
insert into required_skill (jp_code, ks_code) values (98, 10);
insert into required_skill (jp_code, ks_code) values (62, 1);
insert into required_skill (jp_code, ks_code) values (72, 10);
insert into required_skill (jp_code, ks_code) values (3, 10);
insert into required_skill (jp_code, ks_code) values (5, 10);
insert into required_skill (jp_code, ks_code) values (73, 6);
insert into required_skill (jp_code, ks_code) values (4, 6);
insert into required_skill (jp_code, ks_code) values (84, 8);
insert into required_skill (jp_code, ks_code) values (27, 8);
insert into required_skill (jp_code, ks_code) values (63, 3);
insert into required_skill (jp_code, ks_code) values (62, 7);
insert into required_skill (jp_code, ks_code) values (68, 6);
insert into required_skill (jp_code, ks_code) values (96, 8);
insert into required_skill (jp_code, ks_code) values (91, 7);
--company
